Entreprise,PER,ROE,Croissance CA,Dividende,Secteur,PB,beta
1000Mercis,20.134228,0.26943,0.012,,Communication Services,3.9200313,0.643
2Crsi,,,-0.883,0.1042,Technology,2.018682,2.708
A.S.T. Groupe,,-0.87684995,0.211,,Consumer Cyclical,0.43659422,1.418
Ab Science,,,0.25,,Healthcare,,1.193
Abc Arbitrage,17.089285,0.10401,0.126,0.083900005,Financial Services,1.7975206,0.247
Abeo,40.2,0.0184,,0.0197,Consumer Cyclical,0.68849766,0.952
Abionyx Pharma,,-0.4716,0.102,,Healthcare,4.309278,0.053
Abivax,,-1.71459,2.019,,Healthcare,4.044776,1.423
Abl Diagnostics,286.0,0.00804,-0.649,,Healthcare,6.8095236,-0.23
Abo Group,,,,,,,
Acanthe Dev.,,-0.10571,-0.009,0.6414,Real Estate,0.43419266,0.353
Accor,20.402655,0.12625,0.114,0.0256,Consumer Cyclical,3.265581,1.226
Acheter-Louer.Fr,,-3.34863,-0.475,,Communication Services,1.0064725,-1390.565
Acteos,,,-0.322,,Technology,,1.257
Actia Group,2.9347825,0.13208,-0.032,0.045300003,Consumer Cyclical,0.3717984,1.422
Acticor Biotech,,,,,Healthcare,,-0.354
Activium Group,,,,,Technology,,1.528647
Adc Siic,,-0.01901,1.098,,Real Estate,0.20385675,1.08
Adeunis,,-0.20801,-0.069,,Technology,0.5766063,0.538
Adocia,,,-0.63,,Healthcare,,0.612
Adomos,,-0.48041,-0.241,,Real Estate,0.00016488045,0.514
Adp,14.658945,0.20577,0.134,0.0336,Industrials,2.572558,1.31
Advicenne,,,0.039,,Healthcare,,1.106
Advini,,-0.15226,-0.02,0.0233,Consumer Defensive,0.714994,0.336
Aelis Farma,,-0.51973,-0.277,,Healthcare,3.4966888,0.206
Aerkomm Inc,,-1.36712,,,Technology,1.9525801,1.123
Affluent Medical,,,0.12,,Healthcare,1.2745098,0.575
Afyren,,-0.15956001,-0.303,,Basic Materials,0.9655172,0.416
Ag3I,,,,,Industrials,,0.01566
Agence Auto,58.0,,,,Consumer Cyclical,,
Agp Malaga Socimi,,,,,,,
Agripower,,-0.51633,-0.697,,Utilities,0.41771513,0.428
Agrogeneration,,-0.37185,-0.123,,Consumer Defensive,0.937037,0.504
Air France -Klm,6.2916665,1.69091,0.037,,Industrials,,1.787
Air Liquide,30.732449,0.12828,-0.043,0.018,Basic Materials,3.7792559,0.643
Airbus,37.58838,0.17836,0.053,0.0116,Industrials,6.4308205,1.529
Airwell,,-0.038039997,-0.208,,Consumer Cyclical,0.8669108,0.079
Akwel,5.7028985,0.05551,-0.031,0.0375,Consumer Cyclical,0.3433832,1.377
Alan Allman,24.0,0.05389,0.057,0.013300001,Industrials,2.1123898,-0.563
Alchimie,,,-0.318,,Communication Services,,0.596
Alpes (Compagnie),6.495652,0.10588,0.122,0.0626,Consumer Cyclical,0.68968695,1.482
Alpha Mos,3.5714285,6.23159,-0.226,,Technology,,-0.499
Alstom,,-0.02293,0.039,0.0135,Industrials,1.1552709,
Altamir,30.000002,,,,,,
Altarea,,-0.13587,-0.042,0.0842,Real Estate,1.2093406,1.228
Altareit,,-0.33473998,-0.057,,Real Estate,1.0740107,0.2
Alten,11.8109665,0.11939,0.029,0.0185,Technology,1.3374401,1.509
Altheora,,-0.15341,0.214,,Industrials,0.37458563,0.691
Alveen,,-0.038110003,,,Real Estate,1.2345679,1.758212
Ama Corporation,,-1.39482,-0.375,,Healthcare,1.546729,3.213
Amatheon Agri,,-0.1737,,,Consumer Defensive,0.6818182,-0.113827
Amoeba,,,,,Basic Materials,,-0.064
Amplitude Surgical,110.666664,,0.036,,Healthcare,1.6844242,0.494
Amundi,11.006769,,0.105,0.063200004,Financial Services,1.1751635,1.192
Antin Infra Partn,17.292309,0.23872,0.064,0.065799996,Financial Services,4.1202345,1.567
Aquila,9.090909,0.1682,0.014,0.1034,Industrials,1.357466,0.517
Aramis Group,131.5,-0.17955999,0.167,,Consumer Cyclical,3.8544211,0.916
Arcelormittal Sa,,,,,,,
Archos,11.52,-3.27292,0.452,,Technology,,1.995
Arcure,10.804877,,0.106,,Industrials,3.7009187,1.063
Ardoin St Amand A,2000.0,,,,Services,,
Ardoin St Amand B,,,,,,,
Argan,15.675,0.046690002,0.074,0.0502,Real Estate,0.72273326,0.772
Arimelia Itg,,,,,Real Estate,,
Arkema,16.865509,0.05012,0.029,0.045700002,Basic Materials,0.89111745,1.145
Aroca Del Pinar,,,,,,,
Artea,,-0.31291,0.233,0.0326,Real Estate,0.5465611,0.77
Artmarket Com,31.615387,0.027139999,0.026,,Communication Services,0.8575005,0.56
Artois Nom.,129.86139,0.0077100005,0.063,0.0069999998,Technology,1.3621739,0.551
Arverne Group,,,,,Utilities,0.84163666,-0.089003
Ashler Et Manson,,,,,,,
Assystem,5.4639173,0.24396,0.067,0.2156,Industrials,1.8278562,1.155
Atari,,-1.8356199,1.448,,Communication Services,7.9,0.131
Ateme,,-0.25926,-0.17,,Technology,2.0770392,0.256
Atland,19.452053,,0.024,0.054,Real Estate,1.3915656,0.46
Atos,,-7.3952003,-0.1,,Technology,,1.257
Aubay,17.062256,0.12689,-0.009,0.0273,Technology,2.1438348,1.268
Audacia,,-0.019199999,0.488,,Financial Services,1.3372957,0.126
Augros Cosmetics,,,-0.44,,Consumer Cyclical,4.0,0.08
Auplata Mining Gr,,-0.39031,0.153,,Basic Materials,,-0.776
Aurea,,-0.03901,0.026,,Industrials,0.64831036,0.756
Aures Technologies,,-0.37972,-0.123,,Industrials,1.095121,0.674
Avenir Telecom,,-0.40767,-0.298,,Technology,0.34509805,0.122
Axa,10.560371,0.13161999,0.081,0.0582,Financial Services,1.5723966,1.22
Axway Software,19.305553,0.104169995,0.022,,Technology,1.6363529,0.412
Az Leasing,,,,,,,
Azorean Tech,,-0.078889996,,,Industrials,,-0.175324
Baikowski,77.77777,0.015369999,0.134,0.0462,Basic Materials,1.179941,0.637
Bains Mer Monaco,22.538292,0.06757,0.101,0.014099999,Consumer Cyclical,1.611717,0.147
Balyo,,,-0.074,,Industrials,,1.889
Barbara Bui,,-0.39605,0.058,,Consumer Cyclical,6.082474,0.558
Bassac,7.0740104,0.06271,-0.136,0.0376,Real Estate,0.9090909,0.832
Bastide Le Confort,22.150537,0.11241,0.025,,Healthcare,1.9127204,0.873
Bd Multi Media,,-0.51786,-0.145,,Communication Services,1.3245033,0.387
Beaconsmind,,,,,,,
Bebo Health,122.00001,,,,Consumer Cyclical,,
Believe,,-0.02562,0.141,,Communication Services,4.0590405,1.302
Beneteau,7.7000003,0.10937,-0.315,0.0885,Consumer Cyclical,0.8084375,0.909
Bernard Loiseau,2.8547008,0.69585,-0.04,,Consumer Cyclical,1.4585153,0.235
Bic,12.156863,0.12735,-0.037,0.0456,Consumer Defensive,1.4518887,0.29
Bigben Interactive,1.260177,0.06669,0.131,,Technology,0.11801757,0.91
Bilendi,13.913043,0.12364,0.036,,Communication Services,1.5684352,1.026
Bio-Uv Group,57.333336,-0.02199,-0.091,0.0308,Industrials,0.53267264,0.417
Biomerieux,28.069164,0.10609,0.074,0.0087,Healthcare,2.9716866,0.219
Biophytis,,,,,Healthcare,,1.289
Biosynex,,-0.31516,0.26,,Healthcare,0.172173,-2.078
Bleecker,,-0.12694,0.033,,Real Estate,0.541614,0.012
Blue Shark Power,790.0,-0.11253,,,Utilities,49.685535,0.101803
Bluelinea,,,0.435,,Healthcare,2.5857143,0.827
Bnp Paribas Act.A,7.067376,0.08369,0.034,0.0785,Financial Services,0.5397135,1.567
Boa Concept,80.952385,-0.00422,-0.496,,Industrials,1.036459,0.045
Body One,,0.33598998,,,Consumer Cyclical,0.46043164,-0.027501
Boiron,19.632353,0.048520003,-0.048,0.0508,Healthcare,1.2430168,0.453
Bollore,199.16667,0.011829999,0.7,0.0119,Communication Services,0.6491742,0.792
Bonduelle,,-0.16934,-0.004,0.0312,Consumer Defensive,0.32434055,0.501
Bonyf,,,,,Healthcare,,
Boostheat,,,0.019,,Technology,,1.551
Bourrelier Group,750.0,0.00097000005,-0.004,0.0713,Consumer Cyclical,0.933184,0.312
Bourse Direct,12.323529,0.25597998,0.154,0.0379,Financial Services,3.0786188,0.853
Bouygues,10.834586,0.08851,0.015,0.0659,Industrials,0.88920426,0.905
Broadpeak,,,-0.225,,Technology,0.4874214,0.502
Bureau Veritas,26.781816,0.29916,0.042,0.027999999,Industrials,8.097856,0.868
Burelle,4.962779,0.07393,0.023,0.083100006,Consumer Cyclical,0.3502761,1.351
Ca Toulouse 31 Cci,4.72451,0.035669997,0.055,0.0466,Financial Services,0.16340953,0.415
Cabasse,,-0.93665004,-0.168,,Technology,0.82102627,
Cafom,4.9625,0.06661,0.03,0.026400002,Consumer Cyclical,0.5448432,0.552
Cambodge Nom.,146.9697,0.008669999,,0.0186,Financial Services,1.3059927,0.584
Capelli,,-0.98716,-0.847,,Real Estate,,1.274
Capgemini,16.661425,0.16176,-0.025,0.0216,Technology,2.5064652,1.09
Carbios,,-0.19127001,2.65,,Basic Materials,0.6311317,2.073
Carmat,,,5.526,,Healthcare,,1.393
Carmila,41.57895,0.01603,0.012,0.0753,Real Estate,0.6984969,1.451
Carpinienne Part.,,,,,,,
Carrefour,12.153847,0.06503,-0.002,0.0615,Consumer Defensive,0.90435004,0.503
Casino Guichard,,0.43515998,-0.061,,Consumer Defensive,0.3195122,0.957
Catana Group,5.880953,0.29884002,0.114,0.0319,Consumer Cyclical,1.8141755,1.615
Catering Intl Sces,24.727272,,0.29,0.0198,Industrials,0.99877596,0.926
Cbi,,-0.02398,-0.406,,Financial Services,3.3363638,-2.074
Cbo Territoria,10.757575,0.05342,-0.156,0.067600004,Real Estate,0.5243722,0.393
Cegedim,79.64285,0.00401,0.06,,Healthcare,0.5486395,1.063
Cellectis,,-0.82198,9.98,,Healthcare,1.4075793,3.2
Cerinnov Group,,-0.16725,-0.002,,Industrials,0.983146,2.319
Cfi,,,,,Real Estate,,-1.366
Cfm Indosuezwealth,10.17249,0.15516,,0.0696,Financial Services,1.6298903,0.282
Ch.Fer Departement,23.584906,0.021440001,,0.036,Industrials,1.1984293,0.165393
Ch.Fer Var Gard N.,384.6154,0.07706,,0.0017,Financial Services,34.638145,0.510695
Chargeurs,,-0.0060799997,0.086,,Consumer Cyclical,0.8346805,1.845
Charwood Energy,,,0.287,,Utilities,1.6274865,1.269
Chausseria,30.434782,0.09864,-0.22,,Consumer Cyclical,0.6885697,-0.037
Cheops Technology,17.204302,0.23045,,0.0224,Technology,7.0144677,0.439648
Christian Dior,18.488049,0.24114999,-0.013,0.0223,Consumer Cyclical,4.6611195,1.069
Cibox Inter A Ctiv,Infinity,-0.65783,-0.697,,Technology,1.8052632,1.825
Cie Du Mont Blanc,6.6786194,0.09618,,0.0563,Consumer Cyclical,2.1066024,0.137
Claranova,,,0.012,,Technology,,1.465
Clariane,,-0.02984,0.071,0.0718,Healthcare,0.058486927,0.967
Clasquin,21.161436,,0.091,0.048499998,Industrials,5.656465,1.209
Cmg Cleantech,,,,,Utilities,,0.661191
Cnova,,,-0.198,,Consumer Cyclical,,1.348
Coface,8.265896,0.12635,0.022,0.0915,Financial Services,1.0139687,1.009
Cofidur,5.5649815,0.085489996,0.09,0.061,Technology,0.4628003,0.358
Cogelec,20.253164,1.18625,0.124,0.0163,Technology,14.466547,0.61
Cogra,32.77778,0.02429,-0.582,,Basic Materials,0.77939236,0.208
Coheris,13.4754095,0.19725001,-0.016,0.0098,Technology,2.4721806,0.444
Coil,,,0.111,,Basic Materials,0.35642153,0.568
Colipays,1.5960451,-0.25584,,,Consumer Cyclical,0.2464021,0.857524
Compagnie Odet,121.28637,0.0116,0.7,0.0026,Communication Services,0.4934438,0.933
Condor Technolog,,,,,,,
Consort Nt,,,,,,,
Constructeurs Bois,13.636364,,,,Real Estate,12.875537,0.177842
Corep Lighting,,,,,,,
Coretech 5,,,,,Healthcare,,-1.38
Coty,42.411766,0.04405,0.018,,Consumer Defensive,1.5468785,1.914
Courbet,,,,,Financial Services,14.197531,-0.430481
Courtois,,-0.01727,0.05,,Real Estate,0.46611896,0.273
Covivio,,-0.07551,0.085,0.0657,Real Estate,0.67764324,1.608
Covivio Hotels,46.25,0.01528,0.045,0.070300005,Real Estate,0.8245309,1.096
Crcam Alp.Prov.Cci,4.4042053,0.04032,0.053,0.048899997,Financial Services,0.17007954,0.665
Crcam Atl.Vend.Cci,7.531993,0.02163,-0.063,0.044499997,Financial Services,0.1578635,0.518
Crcam Brie Pic2Cci,4.5809765,0.0414,,0.0618,Financial Services,0.19787028,0.572
Crcam Ille-Vil.Cci,4.971706,0.03346,0.094,0.0435,Financial Services,0.15883306,0.959
Crcam Langued Cci,5.6905537,0.0363,0.004,0.0525,Financial Services,0.19824412,0.914
Crcam Loire Hte L.,6.8790035,0.02623,0.046,0.0476,Financial Services,0.17754579,0.565
Crcam Morbihan Cci,5.876777,0.02789,0.06,0.0463,Financial Services,0.15896294,0.441
Crcam Nord Cci,4.4701986,0.03259,0.064,0.0481,Financial Services,0.14087005,0.57
Crcam Norm.Seine,5.8593187,0.02915,0.022,0.0458,Financial Services,0.16461477,0.718
Crcam Paris Et Idf,7.142857,0.03011,-0.048,0.049200002,Financial Services,0.20826916,0.534
Crcam Sud R.A.Cci,5.6206584,0.03196,0.025,0.0481,Financial Services,0.17275603,0.579
Crcam Touraine Cci,4.0878377,0.04235,0.005,0.0428,Financial Services,0.16612549,0.61
Credit Agricole,6.585,0.09827,0.024,0.0806,Financial Services,0.56078345,1.472
Crossject,,,0.494,,Healthcare,,0.848
Crosswood,64.28571,0.01879,0.004,0.0111,Real Estate,1.1752416,1.023
Cybergun,,-0.52166003,-0.36,,Consumer Cyclical,0.00044444445,0.314
D.L.S.I.,30.512821,0.0155299995,0.037,0.0328,Industrials,0.5288654,1.469
Damaris,,,,,Technology,,2.089763
Damartex,,-0.38316002,-0.116,,Consumer Cyclical,0.6383219,0.973
Danone,41.43226,0.06492,-0.029,0.0324,Consumer Defensive,2.4689555,0.471
Dassault Aviation,18.727983,0.13838,0.098,0.0174,Industrials,2.5367458,0.763
Dassault Systemes,40.87059,0.14167,0.027,0.0066000004,Technology,5.710998,0.591
Dbt,,-0.96112,-0.293,,Industrials,0.023693783,1.745
Dbv Technologies,,-1.03107,-0.548,,Healthcare,1.2597865,0.864
Deezer,,,0.149,,Communication Services,,-0.217
Deezer Warrants,,,,,,,
Dekuple,11.347962,0.29545,0.088,0.0287,Communication Services,4.003096,0.823
Delfingen,,-0.0385,-0.039,0.0868,Consumer Cyclical,0.24912944,1.269
Delta Plus Group,15.198134,0.12996,-0.089,0.0191,Consumer Cyclical,1.8574967,1.038
Derichebourg,8.698246,0.10168,-0.049,0.0327,Industrials,0.7945513,1.902
Devernois,,-0.14899,-0.045,,Consumer Cyclical,0.28683618,-0.604
Diagnostic Medical,,-0.61687,,,Healthcare,0.96866095,1.041
Dnxcorp,7.1428576,0.34704,0.035,0.22870001,Communication Services,2.3427515,0.531
Dock.Petr.Ambes Am,13.122476,0.07567,0.11,0.0701,Energy,0.9671979,0.352
Dolfines,,-11.97538,-0.836,,Energy,1.2535816,0.984
Dontnod,,-0.53563,-0.114,,Communication Services,0.12888011,0.485
Drone Volt,,-0.33728,-0.157,,Technology,23.326668,0.527
Dynafond,,,,,,,
Dynex Energy Sa,,-0.00066,,,Energy,0.10206859,-0.036287
E Pango,,,-0.06,,Utilities,,2.514
Easson Holdings,,,,,,,
Eaux De Royan,33.112583,0.22680001,,0.0712,Utilities,2.2438629,0.027883
Eavs,,,,,,,
Ecolutions,,,,,,,
Ecomiam,,-0.82121,-0.048,,Consumer Defensive,2.2979553,1.272
Ecoslops,3.7058823,-0.38971,0.093,,Industrials,0.3962264,0.611
Edenred,27.535088,,0.176,0.0353,Financial Services,,0.669
Ediliziacrobatica,22.285715,0.101619996,-0.037,0.019199999,Industrials,2.2707424,0.965
Editions Du Signe,,,,0.1026,Communication Services,,
Eduform Action,,1.3179,,,Financial Services,53.249996,0.615355
Eduniversal,6.25,,,,Consumer Defensive,,
Egide,,-0.46103,-0.017,,Technology,0.8541666,0.657
Eiffage,8.322826,0.19492,0.071,0.0469,Industrials,1.2821494,1.21
Ekinops,,-0.00722,-0.191,,Technology,0.75507474,1.032
Elec.Strasbourg,5.6065235,,-0.159,0.077800006,Utilities,1.5908366,0.47
Elect. Madagascar,,0.044970002,,,Financial Services,0.98113203,-0.145
Elior Group,,-0.09562001,0.26,,Consumer Cyclical,0.81784844,2.415
Elis,19.734694,0.07217,0.069,0.0225,Industrials,1.3289356,1.821
Elix,,,,,,,
Embention,105.0,,,,Technology,,
Emova Group,,-0.08242,-0.111,,Consumer Cyclical,0.23988006,1.523
Encres Dubuit,,-0.07606,0.054,0.1095,Basic Materials,0.41773102,
Enensys,,,0.398,,Technology,7.0576925,2.152
Energisme,0.043846156,,-0.327,,Technology,,0.389
Engie,7.544554,0.15176,-0.202,0.0938,Utilities,1.2975734,0.932
Enogia,0.038828634,-0.22636999,0.431,,Industrials,1.5687993,0.398
Entech,,-0.10425,0.365,,Utilities,2.7506847,0.213
Entreparticuliers,,,-0.059,,Communication Services,,-0.348
Entreprendre,3.062069,0.24074,0.142,,Communication Services,0.94609,2.061
Eo2,12.166666,0.21497,0.37,,Basic Materials,0.43169725,0.91
Equasens,13.221154,0.20833999,-0.041,0.0306,Healthcare,2.9502215,
Eramet,,-0.05836,-0.085,0.0297,Basic Materials,0.96159,1.458
Esker,94.27537,0.1532,0.13,0.0025,Technology,13.161356,1.168
Essilorluxottica,45.725643,0.06206,0.034,0.0171,Healthcare,2.6849084,0.897
Esso,2.571359,0.24607,-0.033,0.0287,Energy,0.59502643,0.521
Eurasia Fonc Inv,Infinity,0.0035100002,,,Real Estate,0.67757004,1.326
Eurasia Groupe,0.75862074,0.02234,-0.447,,Real Estate,0.075514875,0.035
Eurazeo,,-0.00858,-0.392,0.0343,Financial Services,0.67250854,1.393
Euroapi,,-0.27592,-0.095,,Healthcare,0.4695298,0.563
Eurobio-Scientific,41.29032,0.03753,0.237,,Healthcare,1.43538,-0.273
Eurofins Cerep,13.774105,0.12569,0.083,,Healthcare,,0.631
Eurofins Scient.,24.262886,0.072670005,0.065,0.0106,Healthcare,2.1230435,0.735
Euroland Corporate,56.399998,0.22735001,,0.0679,Financial Services,2.7728615,0.153552
Euromedis Groupe,0.5885486,0.45623,-0.487,,Healthcare,0.5573771,-0.416
Euronext,22.541666,0.14506,0.1,0.0231,Financial Services,2.7343256,0.842
Europacorp,33.7,,-0.099,,Communication Services,28.083334,0.695
Europlasma,,-3.7062702,1.174,,Industrials,0.017691776,771.636
Eutelsat Communic.,,-0.088240005,0.149,,Technology,0.3855065,0.381
Evergreen,,-0.15442,,,Financial Services,0.38263556,0.309
Exacompta Clairef.,7.875264,0.04171,-0.035,0.045,Industrials,0.32386234,0.288
Exail Technologies,,-0.06747,0.062,,Industrials,2.3249,0.767
Exclusive Networks,54.65909,0.042729996,-0.068,,Technology,2.2355454,0.955
Exel Industries,6.546875,0.101739995,0.02,0.0374,Industrials,0.6507121,1.178
Explosifs Prod.Chi,19.02174,0.15529999,-0.001,0.0052,Basic Materials,2.6308239,0.613
Facephi,,-0.41208,0.187,,Technology,1.654373,1.183
Fashion B Air,,-0.31329,,,Consumer Cyclical,0.062227074,1.061
Fayenc.Sarreguemi.,,,,,Consumer Defensive,1.0384094,-0.12
Fd,20.5,,,,Consumer Defensive,,
Fdj,15.423867,0.49515,0.108,0.047199998,Consumer Cyclical,6.866984,0.683
Ferm.Cas.Mun.Canne,12.033499,0.08299,0.017,,Consumer Cyclical,0.88373667,0.607
Fiducial Off.Sol.,32.183907,0.02842,0.056,0.025,Industrials,0.75412744,0.044
Fiducial Real Est.,14.159291,0.06673,-0.016,0.0188,Real Estate,0.8705803,0.127
Figeac Aero,,-0.19148001,0.155,,Industrials,3.929078,1.437
Fill Up Media,,0.19176,,,Communication Services,19.384617,
Fin.Ouest Africain,,,,,Financial Services,,
Financiere Marjos,,,,,Industrials,,0.006
Finatis,,,,,,,
Finaxo,,,,,Industrials,,
Fipp,,-0.07611,0.079,,Real Estate,0.3525,-0.069
Firstcaution,,,,,,,
Fleury Michon,6.6842103,0.09066,-0.055,0.0512,Consumer Defensive,0.52747434,0.366
Florentaise,15.062501,,0.322,,Basic Materials,0.6397664,
Fnac Darty,47.166664,0.014570001,0.014,0.016,Consumer Cyclical,0.5315352,1.595
Fnptechnologiessa,,-0.0085,,,Technology,0.16438356,1.825439
Fonciere 7 Invest,,,,,,,
Fonciere Euris,,,,,,,
Fonciere Inea,,-0.00596,0.163,0.0857,Real Estate,0.61185765,0.213
Fonciere Lyonnaise,,-0.0855,0.087,0.033,Real Estate,0.89134586,0.366
Fonciere Vindi,59.999996,,,,Real Estate,,
Fonciere Volta,79.5,-0.0508,0.844,,Real Estate,0.6946871,0.133
Forestiere Equat.,142.85713,0.0309,42.0,0.0055,Industrials,0.00893321,0.304
Forsee Power,,-0.23507999,0.072,,Consumer Cyclical,0.52915084,1.077
Forvia,8.008928,0.06291,-0.006,0.0581,Consumer Cyclical,0.39621893,1.81
Fountaine Pajot,9.495146,0.20832,0.473,0.0232,Consumer Cyclical,1.8449001,1.319
Francaise Energie,11.451612,0.11134,-0.214,,Energy,1.3735732,0.616
France Soir Groupe,,,,,,,
France Tourisme,,-0.4975,,,Real Estate,5.1666665,1.731092
Freelance.Com,8.09375,0.10176,0.232,0.031,Industrials,0.95395947,1.466
Frey,34.457832,0.02932,0.358,0.0629,Real Estate,0.8645969,-0.022
G.A.I.,,-0.0092,,,Industrials,0.3757807,0.174942
Galeo,7.0555553,0.110360004,,,Consumer Defensive,0.4665687,2.335752
Galimmo,,-0.00266,0.037,0.024300002,Real Estate,0.9925043,0.002
Gascogne,,-0.020399999,-0.148,,Consumer Cyclical,0.37759402,0.746
Gaumont,,-0.04092,0.035,,Communication Services,1.3697526,0.216
Gaussin,,-5.6645,-0.422,,Consumer Cyclical,,1.264
Gea Grenobl.Elect.,51.048954,0.02527,0.279,0.0178,Industrials,1.5371982,0.545
Geci Intl,Infinity,0.45400003,0.034,,Technology,0.23232658,1.619
Gecina,,-0.09915,0.027,0.056700002,Real Estate,0.6673087,1.113
Geneuro,,,,,Healthcare,,0.342
Genfit,9.918919,0.25913998,3.044,,Healthcare,1.8762782,1.122
Genoway,18.666668,0.07197,0.135,,Healthcare,2.139738,0.55
Gensight Biologics,,,-0.364,,Healthcare,,2.33
Gentlemens Equity,Infinity,,,,Financial Services,,
Getlink Se,25.357143,0.1459,-0.135,0.0343,Industrials,3.6282082,0.894
Gevelot,12.956581,0.05214,-0.089,0.026600001,Industrials,0.6453074,0.452
Gl Events,7.3480177,0.13229999,0.194,0.0421,Industrials,1.1157937,1.455
Glass To Power B,,,,,,,
Global Bioenergies,,-1.02782,-0.891,,Utilities,3.192157,1.74
Gold By Gold,22.47619,-0.16354,0.774,0.0064,Basic Materials,4.394786,0.014
Gpe Group Pizzorno,19.059406,0.16848,0.052,0.0162,Industrials,3.0232832,0.514
Gpe Parot (Auto),,-0.01476,0.022,,Consumer Cyclical,1.4258065,1.368
Graines Voltz,19.292929,0.02049,-0.009,,Basic Materials,0.3741723,0.887
Grolleau,,,-0.212,,Industrials,0.7726181,0.507
Groupe Berkem,,-0.046490002,0.017,,Basic Materials,1.8096905,1.402
Groupe Carnivor,,,,0.027999999,Financial Services,,
Groupe Crit,9.840764,0.100810006,0.127,0.0162,Industrials,0.93325275,0.828
Groupe Guillin,7.175066,0.12114,-0.045,0.040700004,Consumer Cyclical,0.8306464,0.93
Groupe Jaj,5.0,0.05646,,,Consumer Cyclical,0.4843305,0.979
Groupe Ldlc,,-0.00164,-0.028,0.0428,Technology,0.5620567,1.088
Groupe Okwind,8.925926,0.13326,-0.161,,Utilities,1.1024703,0.291
Groupe Partouche,26.329113,0.03161,0.023,0.0154,Consumer Cyclical,0.5792904,1.026
Groupe Plus-Values,,,,,,,
Groupe Sfpi,37.2,0.01698,-0.042,0.0161,Industrials,0.66381156,1.493
Groupe Tera,,,-0.075,,Technology,4.9079757,
Groupimo,,,,,,,
Gt Biopharma Inc,,,,,,,
Gtt,17.242268,0.8136,0.658,0.0541,Energy,11.797902,0.464
Guandao Puer Inves,,,,,,,
Guerbet,10.426829,0.08139,0.119,0.0197,Healthcare,0.8322518,0.758
Guillemot,16.428572,0.06295,0.164,,Technology,0.9926629,0.589
Haffner Energy,,-0.35204,,,Utilities,1.0889773,0.878
Hamilton Global Op,,-0.055960003,-0.036,,Financial Services,1.3088926,0.3
Haulotte Group,4.578947,0.08512,-0.091,,Industrials,0.37063333,1.178
Hdf,,-0.07534,2.576,,Utilities,0.53660274,0.343
Herige,2.95858,0.15747,-0.263,0.0766,Basic Materials,0.43849647,0.801
Hermes Intl,53.543674,0.31544,0.12,0.0066000004,Consumer Cyclical,15.822323,0.727
Hexaom,5.6428576,0.13317001,-0.245,,Consumer Cyclical,0.72775286,1.261
Hf Company,,-0.04553,-0.382,0.1114,Technology,0.5731676,0.597
High Co,3.7500002,0.14056,0.023,0.0833,Communication Services,0.5127109,0.626
Hipay Group,3.3207548,0.31077,0.105,,Technology,1.0762331,1.162
Hitechpros,12.820514,0.40191,0.016,0.0813,Technology,4.297994,0.65
Hk,171.64178,0.22575001,0.257,0.0005,Industrials,42.974586,0.734
Hoche Bains L.Bain,,,,,,,
Hoffmann,,-0.14174,0.957,,Basic Materials,1.3018869,1.099
Home Concept,,,,,,,
Hopening,10.757575,,,,Communication Services,2.7006466,
Hopium,0.043,,-0.997,,Consumer Cyclical,,-0.233
Hopscotch Groupe,8.457447,0.23511,0.051,0.041100003,Communication Services,1.6376559,1.442
Hot.Majestic Canne,,,0.27,0.075,Consumer Cyclical,,-0.013
Hoteles Bestprice,300.0,,,0.0046,Consumer Cyclical,,
Hotelim,7.229358,,,0.0621,Consumer Cyclical,,
Hotels De Paris,,,0.011,,Consumer Cyclical,,0.529
Hotl.Immob.Nice,35.58719,0.01959,,,Consumer Cyclical,0.83893675,-0.034377
Hunyvers,17.836735,0.33064,,,Consumer Cyclical,1.2622762,
Hydraulique Pb,,0.07019,,,Industrials,0.8377689,0.589381
Hydro-Exploit.,0.8335688,-0.07458,,0.034,Industrials,3.584556,0.444232
Hydrogen Refueling,,-0.18792,-0.377,,Consumer Cyclical,0.8417051,1.563
I.Ceram,,,-0.351,,Healthcare,0.45578232,1.091
I2S,58.666664,0.07754,0.604,0.0159,Industrials,1.2373453,0.117
Iante Investments,,,,,,,
Icade,,-0.16969,-0.002,0.21079999,Real Estate,0.38980767,1.222
Icape Holding,12.499999,0.16464001,-0.084,0.0179,Technology,1.933488,0.487
Id Logistics Group,47.42647,0.12976,0.187,,Industrials,5.3825502,0.784
Idi,,,-0.854,0.0403,Financial Services,0.65632516,0.659
Ids,,,,0.0845,Technology,,-0.290297
Idsud,16.026936,,0.064,,Industrials,10.95134,0.743
Igis Neptune,,,,,,,
Ikonisys,,,1.308,,Healthcare,0.9302325,0.696
Ilbe,,,,,,,
Imalliance,1.7333333,-0.41674998,,,Communication Services,0.36879432,1.246753
Imerys,,,-0.069,0.0481,Basic Materials,0.74906373,1.358
Imm.Paris.Perle,,,,,,,
Immersion,Infinity,-0.00098,-0.172,,Technology,1.0761485,0.721
Immob.Dassault,,-0.03125,0.135,0.0402,Real Estate,0.59566724,0.515
Implanet,,-1.7764599,-0.035,,Healthcare,4.125,1.183
Imprimerie Chirat,6.5168543,0.11797,,0.0625,Communication Services,0.7637609,0.579067
Impulse Fitness,,0.00396,,,Consumer Cyclical,15.384615,0.017162
Indle Fin.Entrepr.,225.92592,0.01781,-0.06,0.1174,Industrials,1.1460996,0.674
Infoclip,3.3444817,,,,Technology,0.39070132,-0.056913
Infotel,16.527195,0.14867,-0.059,0.0508,Technology,2.427781,0.8
Innate Pharma,,-0.78587997,-0.693,,Healthcare,4.4382024,0.868
Innelec Multimedia,8.59375,0.04104,0.059,0.1289,Technology,0.3532888,0.822
Innovative Rfk Spa,,-0.05553,0.366,,Financial Services,0.8865248,0.075
Installux,9.83405,0.07788,-0.018,0.025,Basic Materials,0.7571097,0.523
Integragen,,-0.08174,0.01,,Healthcare,1.5592107,0.19
Integritas Viager,,,,,,,
Interparfums,29.321428,0.18038,0.067,0.025799999,Consumer Defensive,4.920292,1.003
Intexa,15.882353,0.04572,-0.077,,Consumer Cyclical,0.71015257,-0.134
Intrasense,,-0.54048,-0.448,,Healthcare,2.7425742,-0.845
Inventiva,,,-0.587,,Healthcare,,0.805
Invibes Advertsing,,-0.07626,-0.043,,Communication Services,0.5325858,0.357
Ipsen,13.685535,0.17909999,0.079,0.011,Healthcare,2.227591,0.575
Ipsos,10.907767,0.13523,0.047,0.0372,Industrials,1.3798397,1.035
Ispd,18.375,,0.196,,Communication Services,5.495327,0.389
It Link,13.756345,0.1434,0.121,0.012999999,Technology,1.8136796,1.167
Italy Innovazioni,,,,,,,
Jacques Bogart,14.400001,0.12100001,-0.026,0.0332,Consumer Defensive,1.1143354,0.849
Jacquet Metals,61.037033,0.013040001,-0.051,0.012,Basic Materials,0.49477604,1.241
Jcdecaux,11.92742,0.14827,0.136,,Communication Services,1.5286821,1.596
Jungle21,22.666666,,,,Industrials,17.34694,
Kalray,,-0.40787998,-0.138,,Technology,0.18521696,1.554
Kaufman Et Broad,13.739317,0.25331,-0.144,0.0744,Consumer Cyclical,3.392066,1.055
Kering,14.424439,0.13932,-0.11,0.048299998,Consumer Cyclical,2.0102012,1.019
Kerlink,,-0.50095004,-0.058,,Technology,0.6742138,1.593
Keyrus,,-0.02052,-0.046,,Technology,2.9502196,1.365
Kko International,,-0.39110002,2.406,,Consumer Defensive,3.2439024,-0.198
Klarsen,1.2439024,,2.629,,Communication Services,2.0158103,1.515
Klepierre,12.127119,0.07558,0.111,0.0623,Real Estate,1.0160105,1.669
Kompuestos,,-0.01568,-0.109,,Basic Materials,0.89206064,0.342
Kumulus Vape,5.6705885,0.16238001,0.019,0.0295,Consumer Cyclical,0.5589054,0.946
L'Oreal,28.775846,0.22523001,0.075,0.019199999,Consumer Defensive,6.27899,0.754
La Perla Fashion,,,,,,,
Lacroix Group,,-0.07548,-0.07,0.0725,Technology,0.27566403,1.312
Lagardere Sa,41.56863,0.12765999,0.132,0.0305,Consumer Cyclical,3.878522,1.062
Lanson-Bcc,7.8504667,0.0844,-0.195,0.0327,Consumer Defensive,0.62866014,0.571
Largo,,-0.80396,0.088,,Technology,1.8277513,0.337
Latecoere,,-3.11518,0.452,,Industrials,,1.361
Laurent-Perrier,10.039371,0.11153,0.038,0.021300001,Consumer Defensive,1.010091,0.216
Ldc,7.8896885,0.15323,0.021,0.0273,Consumer Defensive,1.076025,0.492
Lebon,14.182908,,-0.109,0.0354,Financial Services,0.6163429,0.871
Lectra,34.691357,0.076220006,0.111,0.0128999995,Technology,3.4478528,1.196
Legrand,24.40404,0.15314001,0.003,0.0216,Industrials,3.7076538,0.873
Lepermislibre,,-1.6985899,-0.146,,Consumer Cyclical,20.416666,
Les Hotels Baverez,32.88889,0.121549994,-0.066,0.0041,Consumer Cyclical,4.0342364,0.25
Lexibook Linguist.,7.142857,0.34495,0.181,,Consumer Cyclical,1.8256505,1.868
Lhyfe,,-0.3082,3.32,,Basic Materials,1.5818584,1.301
Linedata Services,14.496403,0.25100002,0.025,0.0219,Technology,3.319878,0.671
Lisi,18.5,0.05826,0.106,0.014199999,Industrials,1.0521327,1.633
Llama Group,5.46,0.92322,-0.032,,Communication Services,3.4267783,1.483
Lleida,,-0.61561,-0.235,,Communication Services,5.050251,0.918
Lna Sante,9.810925,0.080819994,0.071,0.0254,Healthcare,0.7776594,0.772
Locasystem Intl,,-0.034649998,,0.113000005,Technology,0.77026534,-0.376172
Logic Instrument,7.927273,0.18879,1.041,,Technology,1.3374232,0.891
Lombard Et Medot,735.0,0.01119,,,Consumer Defensive,0.5245504,0.342627
Lucibel,,-1.02832,-0.373,,Industrials,3.0,0.9
Lumibird,31.10345,0.03408,0.008,,Healthcare,1.0254662,1.374
Lvmh,22.989616,0.2321,-0.013,0.020599999,Consumer Cyclical,4.949587,0.987
M.R.M,,-0.09433,-0.004,0.0366,Real Estate,0.9616947,0.165
M2I,8.487805,0.09709,-0.06,,Technology,0.74486303,1.004
Maat Pharma,,-0.84848,0.249,,Healthcare,4.4347825,0.193
Made,,,0.231,0.0546,Technology,,-0.167
Magillem,2.56,,,0.0344,Technology,0.2614201,0.532849
Mais.Antoine Baud,,,,,,,
Maison Clio Blue,Infinity,,,,Consumer Cyclical,,
Maisons Du Monde,,-0.028169999,-0.097,0.0156,Consumer Cyclical,0.25502682,1.615
Making Science,,-0.41527,0.106,,Communication Services,3.940092,1.571
Malteries Fco-Bel.,8.058242,0.14377,0.16,0.0055,Consumer Defensive,1.2761726,0.543
Manitou Bf,3.9107978,0.18559,0.004,0.083000004,Industrials,0.6825911,1.252
Maq Admon. Urbanas,,,,,,,
Mare Nostrum,,,-0.226,,Industrials,,0.85
Maroc Telecom,60.384617,0.12579,-0.008,0.0477,Communication Services,0.5709091,0.478
Mastrad,,-0.36756,-0.462,,Consumer Defensive,0.27058822,0.768
Mauna Kea Tech,,,-0.402,,Healthcare,,1.397
Maurel Et Prom,4.0491805,0.29927,0.378,0.0622,Energy,0.92839694,0.958
Mbws,42.666664,0.04966,-0.039,,Consumer Defensive,2.0458179,0.089
Medesis Pharma,,,-0.799,,Healthcare,,0.049
Media 6,9.40171,0.110860005,-0.033,,Industrials,0.91468483,0.325
Media Lab,55.500004,0.0673,,,Healthcare,5.0917435,0.533995
Mediantechnologies,,,-0.04,,Healthcare,,1.48
Medincell,,,-0.367,,Healthcare,,1.2
Memscap Regpt,15.23077,,-0.128,,Technology,1.6343375,1.315
Mercialys,16.222223,0.08428001,0.039,0.096599996,Real Estate,1.5320042,1.637
Mersen,6.905538,0.099580005,0.027,0.0598,Industrials,0.63490164,1.495
Metabolic Explorer,,,,,,,
Metalliance,,,,,,,
Metavisio,2.7685714,,,,Technology,,
Methanor,,0.022920001,,0.0577,Utilities,0.32368624,0.127
Metrics In Balance,,-0.00454,,,Healthcare,0.012331838,0.158899
Metropole Tv,6.4470587,0.17424999,0.057,0.1141,Communication Services,1.1150676,1.17
Mexedia,,-0.03215,-0.71,,Financial Services,0.5956199,-0.266
Mg International,7.962963,0.1234,-0.128,0.0791,Industrials,0.6706176,0.913
Mgi Digital Graphi,35.463413,0.06521,0.108,,Technology,0.6968274,
Michelin,3.1132812,,,,,,
Micropole,312.0,0.0046200003,0.053,,Technology,1.5694164,1.064
Miguet Et Associes,,-0.55705,,,Financial Services,0.6494845,1.548
Miliboo,3.8428574,0.42613,0.03,,Consumer Cyclical,1.3654822,1.219
Mon Courtier Energ,61.999996,0.02391,0.134,0.0517,Industrials,2.2496371,
Moncey (Fin.) Nom.,256.73468,0.00508,,0.0023,Financial Services,1.3671387,0.45
Montea,,,,,,,
Montepino Logistic,,,,,Real Estate,,
Moulinvest,16.408451,0.02902,-0.111,0.0287,Basic Materials,0.44689092,1.893
Mr Bricolage,5.2413793,0.1236,-0.072,,Consumer Cyclical,0.6085842,0.569
Munic,,-0.12965,-0.432,,Technology,0.5702067,1.426
Mutter Ventures,,,,,,,
Myhotelmatch,7.92,,,,Consumer Cyclical,,0.277
Nacon,3.1882353,0.06927,0.274,,Communication Services,0.18048617,0.638
Namr,,,0.746,,Technology,24.0,0.916
Nanobiotix,,,1.821,,Healthcare,,1.403
Neoen,73.05556,0.03266,-0.077,0.0038,Utilities,2.2002232,0.878
Neolife,,-0.11474,0.111,,Consumer Cyclical,1.2888888,2.34
Neovacs,,-0.17662,,,Healthcare,0.019663325,-930.659
Netgem,19.08,0.06302,-0.075,0.0517,Technology,1.315862,0.605
Netmedia Group,,-0.87964,-0.197,,Communication Services,2.748538,0.867
Neurones,22.18593,0.14872,0.092,0.0269,Technology,3.0638447,0.558
Nexans,18.818493,0.15556,0.054,0.020599999,Industrials,2.654269,1.376
Nexity,14.213483,0.031240001,-0.164,,Real Estate,0.36400783,1.234
Nextedia,14.266667,0.04659,0.103,,Communication Services,0.55947715,0.97
Nfl Biosciences,,,,,Healthcare,,
Nhoa,3.0341463,-0.29524,0.072,,Industrials,1.429885,1.165
Nicox,,-0.32681,2.563,,Healthcare,0.26115862,0.89
Nokia,26.143751,0.04488,-0.081,0.0295,Technology,1.1205465,0.737
Nortem Biogroup,,,,,,,
Novacyt,,-0.42043,2.091,,Healthcare,0.6098295,-1.775
Novatech Ind.,,0.27317,,,Technology,1.0253906,0.650496
Nr21,10.254777,,,,Consumer Cyclical,,
Nrj Group,10.656251,0.07295,0.036,0.0499,Communication Services,0.75609756,0.41
Nsc Groupe,5.4618115,0.091079995,,,Industrials,0.80090636,0.382
Nse,18.269232,0.1268,0.563,0.0087,Technology,2.2125611,0.466
Ober,,,-0.054,,,1.0247443,
Obiz,,,1.986,,Communication Services,1.8377945,0.572
Octopus Biosafety,,,,,Technology,,1.411
Oeneo,20.977777,0.08773,-0.135,0.0367,Consumer Defensive,1.9391947,0.236
Omer-Decugis & Cie,7.3220344,0.16934,,0.0081,Consumer Defensive,1.1704146,0.343
Oncodesign Pm,,,-0.4,,Healthcare,4.5945945,-0.699
One Experience,,-0.08447,,,Financial Services,0.42937854,0.727697
Onlineformapro,2.26,0.33238998,,0.0538,Consumer Defensive,5.0,-1.192513
Orange,12.657144,0.078940004,0.025,0.074,Communication Services,0.8250233,0.166
Orapi,,-0.62289,-0.023,,Consumer Defensive,1.5417457,-0.092
Ordissimo,,,0.172,,Technology,0.20149477,-0.383
Orege,,,0.137,,Industrials,,1.381
Orinoquia,,,,,,,
Ose Immuno,4.618497,0.88543,59.805,,Healthcare,2.1346512,0.812
Osmosun,,,,,Industrials,,
Ovh,,-0.02562,0.107,,Technology,4.754376,
Pacte Novation,,0.0128999995,,,Technology,1.8281939,-0.256684
Paref,,-0.12162,-0.198,0.0392,Real Estate,0.5121098,0.562
Parrot,,-0.37686002,-0.03,,Technology,1.5973155,0.671
Part.Indles Mini.,1920.0001,0.018609999,,,Conglomerates,35.555557,-0.010695
Parx Materials Nv,,-0.04438,,,Basic Materials,0.30798844,0.57372
Passat,8.464285,0.03663,-0.032,,Consumer Cyclical,0.46884272,0.616
Patrimoine Et Comm,9.512196,0.069359995,0.098,0.0692,Real Estate,0.6784733,0.413
Paulic Meunerie,,-0.00918,0.016,,Consumer Defensive,0.6519026,1.037
Pernod Ricard,18.953688,0.09036,-0.003,0.0432,Consumer Defensive,1.7632041,0.55
Perrier (Gerard),16.429941,0.16913,0.073,0.026400002,Industrials,2.6377418,0.837
Perseida Renta,,,,,,,
Pet Service,,,,,Consumer Cyclical,,
Peugeot Invest,16.341461,0.02964,-0.137,0.0448,Financial Services,0.32650492,1.411
Pharnext,,,,,Healthcare,,-313.293
Phaxiam Tx,,,2.932,,Healthcare,0.41271347,1.824
Phone Web,7.25,-1.14716,,0.0495,Industrials,6.105263,0.581741
Photonike Capital,,,,,Financial Services,,
Pierre Vacances,,,0.05,,Consumer Cyclical,,2.408
Piscines Desjoyaux,8.695652,0.11375,-0.202,0.0837,Consumer Cyclical,0.97465885,1.233
Placoplatre,,,,,,,
Plant Advanced,12.424243,-0.11843,,,Healthcare,2.0327218,0.997
Plast.Val Loire,,0.00061,-0.037,,Consumer Cyclical,0.11649355,2.15
Poujoulat,8.559322,0.07359,-0.242,0.018,Industrials,0.5931059,0.62
Poulaillon,8.671876,,0.101,0.0107,Consumer Defensive,1.0648504,0.67
Poxel,,,0.736,,Healthcare,,1.672
Precia,48.98305,0.114709996,-0.052,0.0138,Industrials,1.7096546,0.64
Predilife,,,-0.097,,Healthcare,,0.364
Prismaflex Intl,11.956522,0.07585,-0.078,,Communication Services,0.8371385,1.352
Proactis Sa,,-0.03878,-0.036,,Technology,0.49166667,0.727
Prodware,,,1.914,,Technology,0.69798857,0.781
Prodways,,-0.25768998,-0.282,,Technology,0.41847315,0.886
Prologue,,,-0.011,,Technology,1.1595092,0.824
Prop.Immeubles,,,,,,,
Publicis Groupe Sa,18.342014,0.15469,0.077,0.0326,Communication Services,2.6742096,0.996
Quadient,8.478469,0.06785,0.032,0.037100002,Technology,0.5739271,1.117
Quadpack,,-0.03522,-0.143,,Consumer Cyclical,2.1393235,0.093
Quantum Genomics,,-1.56812,-0.909,,Healthcare,5.5461535,0.715
Qwamplify,,-0.29553,0.061,,Communication Services,0.55721855,0.514
Racing Force,19.157896,0.09828,0.01,0.024,Consumer Cyclical,1.6774193,0.639
Rallye,,,,,,,
Ramsay Gen Sante,,-0.02928,0.053,,Healthcare,1.0719897,0.211
Rapid Nutrition,,-2.80866,-0.576,,Healthcare,,-1.417
Realites,,-1.0457,-0.351,,Real Estate,1.3753107,0.753
Remy Cointreau,19.576803,0.102419995,-0.182,0.0348,Consumer Defensive,1.7240428,0.463
Renault,8.639052,0.05099,0.004,0.0423,Consumer Cyclical,0.39125308,1.695
Reworld Media,3.5045457,0.1491,-0.009,,Communication Services,0.4273836,0.837
Rexel,11.081897,0.12835,-0.014,0.047399998,Technology,1.388004,1.488
Riber,11.521739,0.25857002,0.129,0.026400002,Technology,2.8281753,0.961
Robertet,20.929106,0.18406999,0.101,0.0097,Basic Materials,3.5772774,0.331
Robertet Cdv 87,,,,,,,
Robertet Ci,17.985943,0.18406999,0.101,,Basic Materials,3.0690145,0.331
Roche Bobois,18.680202,0.19582,-0.078,0.0618,Consumer Cyclical,3.7432609,0.81
Roctool,,-1.05373,-0.43,,Technology,0.6622517,
Rougier S.A.,3.9189188,0.27536,,,Basic Materials,1.1148701,-0.086
Rubis,6.748538,0.11695,0.004,0.0866,Energy,0.889677,1.223
S.E.B.,12.574124,0.14401,0.036,0.028800001,Consumer Cyclical,1.6410744,0.859
Safe,,,0.272,,Healthcare,,1.035
Safran,53.87755,0.14998999,0.186,0.010299999,Industrials,7.914559,1.309
Saint Gobain,15.690685,0.124139994,-0.06,0.0233,Industrials,1.861396,1.37
Saint Jean Groupe,15.76,,0.004,0.0050999997,Consumer Defensive,0.8302778,0.125
Samse,11.115538,0.07399,-0.052,0.0719,Industrials,0.7904041,0.763
Sanofi,25.568247,,0.115,0.040799998,Healthcare,1.5797535,0.445
Sapmer,,-0.81115997,-0.356,,Consumer Defensive,1.2115933,0.273
Sartorius Sted Bio,108.56288,0.05016,-0.017,0.0038,Healthcare,4.5571084,0.666
Savencia,6.961039,0.05963,0.001,0.026500002,Consumer Defensive,0.42411438,0.653
Savonnerie Nyons,15.928144,,,0.0374,Consumer Defensive,,
Scbsm,,0.0012800001,0.083,,Real Estate,0.46822023,0.68
Scemi,28.285715,0.13781999,,,Industrials,1.121813,-1.682964
Schneider Electric,34.6875,0.14938,0.031,0.0139,Industrials,5.064279,0.951
Scientia School,,-0.01117,,,Consumer Defensive,12.594936,-0.028125
Scor Se,22.841122,0.029059999,0.037,0.0801,Financial Services,0.93442935,1.223
Seche Environnem.,14.71455,0.103690006,0.019,0.0154,Industrials,1.8450952,0.746
Segro Plc,,,,,,,
Seif Spa,,,,,,,
Selcodis,,,,,,,
Selectirente,16.861599,0.0587,0.011,0.0462,Real Estate,0.99442434,0.226
Semplicemente Spa,,,,,,,
Sensorion,,-0.50726,0.227,,Healthcare,2.503597,1.343
Sequa Petroleum Nv,,-0.40251,,,Energy,0.47826087,0.421
Sergeferrari Group,,-0.06434,-0.078,0.0212,Industrials,0.62238836,1.232
Ses,,,-0.02,0.22540002,Communication Services,0.49027696,0.819
Showroomprive,,-0.0911,-0.04,,Consumer Cyclical,0.56943566,1.646
Sidetrade,46.526318,0.22045,0.183,,Technology,8.736214,0.715
Signaux Girod,4.963768,0.053000003,-0.042,0.073,Industrials,0.2537742,0.522
Silc,,,,,,,
Sirius Media,0.06476191,,1.239,,Communication Services,,1.709
Smaio,,-0.12807,-0.427,,Healthcare,1.5344603,0.609
Smalto,,0.21907,,,Consumer Cyclical,0.0069060773,-0.028
Smart Good Things,,-1.00916,-0.779,,Consumer Defensive,5.0955415,0.351
Smcp,22.666666,-0.025980001,-0.04,,Consumer Cyclical,0.22092268,1.73
Smtpc,15.599999,0.14277,0.02,0.0769,Industrials,2.3347301,0.541
Soc Franc Casinos,6.615385,0.124630004,0.04,,Consumer Cyclical,0.720268,0.225
Societe Generale,9.159169,0.05748,0.095,0.0347,Financial Services,0.31259593,1.455
Sodexo,15.973896,0.17888,0.058,0.0332,Industrials,3.0791564,0.752
Soditech,,0.01748,0.292,,Industrials,0.98347753,0.334
Sogeclair,18.563831,0.08064,0.09,0.0533,Industrials,1.195697,1.708
Soitec,27.37261,0.12701,-0.067,,Technology,2.0517044,1.381
Solocal Group,,,-0.119,,Communication Services,,0.994
Solutions 30 Se,,-0.10687,-0.003,,Technology,0.9057292,1.663
Sopra Steria Group,16.905418,0.11821,0.102,0.0253,Technology,1.8987017,1.261
Spartoo,,-0.03471,-0.105,,Consumer Cyclical,0.23400475,0.915
Speed Rabbit Pizza,23.428572,0.00065,,,Consumer Defensive,1.8242491,0.976
Spie,22.44776,0.11604,0.125,0.0286,Industrials,2.632362,1.268
Spineguard,,-0.71023005,0.095,,Healthcare,2.570652,2.355
Spineway,,-0.31708,0.057,,Healthcare,6.9396854e-05,1.477
Sqli,55.10204,0.04221,0.025,0.0119,Technology,2.130934,
St Dupont,,-0.15809,0.124,,Consumer Cyclical,3.0692308,0.308
Stef,10.107859,0.14362,0.067,0.039,Industrials,1.3755792,0.879
Stellantis Nv,3.0,0.16757,-0.136,0.119799994,Consumer Cyclical,0.46972862,1.238
Stif,24.329897,,0.694,0.0082,Industrials,8.78303,
Stmicroelectronics,10.858696,0.12512,-0.266,0.013099999,Technology,1.2819526,1.244
Stradim Espac.Fin,8.088235,0.11283,-0.129,0.0305,Real Estate,0.5344995,0.193
Streamwide,19.440992,0.20729999,0.102,,Technology,3.716457,1.085
Streit Mecanique,,,,,,,
Sumo Resources Plc,,,,,Basic Materials,4.4999995,1.933537
Sword Group,16.97183,0.21184999,0.074,0.047199998,Technology,3.6719148,1.044
Synergie,10.0,,0.029,0.0248,Industrials,1.0012561,1.38
Tarkett,19.444443,0.04065,-0.031,,Industrials,0.7585609,1.019
Tatatu,,-0.32731998,0.123,,Technology,129.7619,0.168
Tayninh,,,,,,,
Technip Energies,12.193877,0.20376,0.131,0.0238,Energy,2.129745,0.678
Teleperformance,8.518234,0.15612,0.282,0.0437,Industrials,1.2444794,0.717
Televerbier,5.861244,0.02536,0.062,,Industrials,0.44082588,0.293
Televista,,,,,,,
Teract,,-0.23004,-0.056,,Consumer Cyclical,0.27982703,0.754
Teract Bs,,,,,,,
Tf1,7.851064,0.10244001,-0.044,0.0746,Communication Services,0.8055889,1.091
Tff Group,11.23077,0.12002,0.073,0.0207,Consumer Cyclical,1.2927219,0.801
Thales,30.45553,0.12404,0.089,0.024300002,Industrials,3.9590557,0.585
The Azur Selection,,,,,Consumer Cyclical,,
The Blockchain Gp,,,-0.317,,Technology,2.9816513,2.133
Theraclion,,,-0.36,,Healthcare,2.9274194,0.07
Theranexus,,-2.3399699,8.059,,Healthcare,,2.355
Theravet,,-0.25492,-0.262,,Healthcare,0.07299939,-0.36
Thermador Groupe,13.636364,0.14022,-0.161,0.030199999,Industrials,1.7376413,0.861
Tikehau Capital,22.666666,0.05212,-0.022,0.0369,Financial Services,1.1221739,0.712
Tme Pharma,,-9.00997,-0.909,,Healthcare,2.3675675,1.651
Tonner Drones,,-1.01149,,,Industrials,0.14666666,1.298
Toolux Sanding,,,,,,,
Toosla,,,0.071,,Industrials,,1.52
Totalenergies,8.146269,0.14385,-0.128,0.0583,Energy,1.0724883,0.739
Totalenergiesgabon,21.820305,0.02379,0.151,0.1122,Energy,0.49987972,0.805
Touax,30.000002,0.018170001,-0.017,0.0308,Industrials,0.33214104,1.625
Tour Eiffel,,-0.1091,-0.002,0.0735,Real Estate,0.20168066,0.591
Tramways De Rouen,2000.0,-0.00442,,0.0077,Financial Services,,0.532085
Transgene,,-2.14693,-0.295,,Healthcare,,0.803
Trigano,5.3935485,0.22926001,0.184,0.0427,Consumer Cyclical,1.3828543,1.194
Trilogiq,14.285715,0.042480003,0.104,,Industrials,0.5727377,0.849
Troc Ile,,-0.13656001,,,Consumer Cyclical,0.7064894,0.204736
Tronics,,,0.043,,Technology,,0.181
Txcom,12.5,0.084350005,0.102,0.0361,Technology,0.9964696,0.469
U10 Corp,48.666668,0.00409,-0.177,0.0571,Consumer Cyclical,0.6266095,0.778
Ubisoft Entertain,,-0.03302,-0.196,,Communication Services,1.0100116,-0.141
Ucapital Global,,,,,,,
Umalis Group,,-1.32446,,,Industrials,,-0.843697
Unibail-Rodamco-We,,-0.050869998,0.056,0.0321,Real Estate,0.7061922,2.067
Unibel,18.903803,0.07194,0.023,0.0107,Consumer Defensive,1.3909075,0.141
Union Tech.Infor.,,0.07986,-0.036,,Technology,,0.582
Uniti,37.25,0.05922,0.009,,Consumer Cyclical,1.4069877,-0.071
Upergy,10.235294,0.05415,-0.036,,Consumer Cyclical,0.5569782,0.334
Uv Germi,21.181818,0.02081,0.06,,Industrials,0.7728026,-1.194
Valbiotis,,,-0.015,,Healthcare,1.1182622,-0.157
Valeo,8.913132,0.07322,-0.008,0.045900002,Consumer Cyclical,0.58897346,1.551
Valerio Tx,,-1.44555,,,Healthcare,2.7461538,1.718
Vallourec,10.38957,0.19135,-0.201,,Basic Materials,1.804283,2.34
Valneva,,-0.03956,0.204,,Healthcare,1.2642119,1.02
Vantiva,,,-0.033,,Communication Services,,1.055
Vente Unique.Com,13.71134,0.27433002,0.114,0.0317,Consumer Cyclical,3.3782067,1.453
Veolia Environ.,19.424658,0.10241,-0.027,0.0442,Industrials,2.339934,1.138
Veom Group,,-4.52749,-0.149,,Technology,,1.654
Verallia,10.22314,0.29806998,-0.176,0.087299995,Consumer Cyclical,3.3765523,0.961
Vergnet,,,-0.485,,Utilities,,-251.479
Verimatrix,,-0.092209995,0.006,,Technology,0.201748,1.47
Verney Carron,,-0.28465,,,Industrials,0.49048376,0.083651
Versity,,,-0.079,,Real Estate,,0.753
Vetoquinol,19.197994,0.089870006,0.032,0.0109,Healthcare,1.6690634,0.949
Vialife,21.149426,,,,Consumer Cyclical,,
Vicat,6.145485,0.10172,0.013,0.0552,Basic Materials,0.591045,1.17
Viel Et Compagnie,6.158192,0.24666001,0.079,0.0369,Financial Services,1.3724502,0.33
Vinci,12.590738,0.15708,0.046,0.044499997,Industrials,2.0117586,0.979
Vinpai,,,0.236,,Basic Materials,4.245014,
Virbac,19.002375,0.14924,0.151,0.0041,Healthcare,2.6953723,0.966
Virtualware,Infinity,,,,Technology,,
Vitura,,-0.38064,-0.149,,Real Estate,0.18191984,0.861
Vivendi Se,23.263159,0.025050001,0.927,0.0286,Communication Services,0.52675486,0.892
Vogo,,-0.101569995,0.232,,Technology,1.5255814,0.539
Voltalia,30.750002,0.02347,0.277,,Utilities,0.81555974,0.802
Voyageurs Du Monde,15.042321,0.22726999,0.106,0.0212,Consumer Cyclical,2.5443316,1.594
Vranken-Pommery,22.068966,0.01269,-0.069,0.0627,Consumer Defensive,0.2803145,0.624
Waga Energy,,-0.13471,0.872,,Industrials,2.7568922,0.301
Wallix,,-0.65963995,0.145,,Technology,6.5403857,1.119
Wavestone,15.601503,0.13462,0.438,0.0086,Technology,1.7916504,1.16
We.Connect,5.5205045,0.17493,-0.073,0.023,Technology,0.9392947,0.555
Weaccess Group,,-0.21455,0.295,,Communication Services,0.69659436,-0.928
Wedia,14.879228,-0.00083,,0.0068,Technology,2.090829,1.035
Wendel,134.01408,0.08186,0.132,0.0423,Financial Services,1.2461855,1.323
Weya,,,,,,,
Whiteni R Cajal,,,,,,,
Winfarm,,,-0.022,,Industrials,0.445442,0.976
Witbe,,-0.22192,-0.254,,Communication Services,1.4365671,1.648
Wiziboat,,,,,Industrials,,
Worldline,,-0.1073,0.021,,Technology,0.2522272,1.369
X-Fab,6.348101,0.11023,-0.117,,Technology,0.6356147,1.913
Xilam Animation,7.923077,,-0.352,,Communication Services,0.27723572,0.91
Zccm,,,-0.667,0.0382,Basic Materials,0.00475985,1.226
Zci Limited,,,,,,,
